one,two,three,four
123,123,546,1
12,45,456,234
1435,234,456,34
3451,65,235,21
123,423,23,34
123,123,546,1
12,45,456,234
1435,234,456,34
3451,65,235,21
123,423,23,34
123,123,546,1
12,45,456,234
1435,234,456,34
3451,65,235,21
123,423,23,34
123,123,546,1
12,45,456,234
1435,234,456,34
3451,65,235,21
123,423,23,34
123,123,546,1
12,45,456,234
1435,234,456,34
3451,65,235,21
123,423,23,34
123,123,546,1
12,45,456,234
1435,234,456,34
3451,65,235,21
123,423,23,34
123,123,546,1
12,45,456,234
1435,234,456,34
3451,65,235,21
123,423,23,34
123,123,546,1
12,45,456,234
1435,234,456,34
3451,65,235,21
123,423,23,34
123,123,546,1
12,45,456,234
1435,234,456,34
3451,65,235,21
123,423,23,34
123,123,546,1
12,45,456,234
1435,234,456,34
3451,65,235,21
123,423,23,34
123,123,546,1
12,45,456,234
1435,234,456,34
3451,65,235,21
123,423,23,34
123,123,546,1
12,45,456,234
1435,234,456,34
3451,65,235,21
123,423,23,34
123,123,546,1
12,45,456,234
1435,234,456,34
3451,65,235,21
123,423,23,34
123,123,546,1
12,45,456,234
1435,234,456,34
3451,65,235,21
123,423,23,34
123,123,546,1
12,45,456,234
1435,234,456,34
3451,65,235,21
123,423,23,34
123,123,546,1
12,45,456,234
1435,234,456,34
3451,65,235,21
123,423,23,34
123,123,546,1
12,45,456,234
1435,234,456,34
3451,65,235,21
123,423,23,34
123,123,546,1
12,45,456,234
1435,234,456,34
3451,65,235,21
123,423,23,34
123,123,546,1
12,45,456,234
1435,234,456,34
3451,65,235,21
123,423,23,34
123,123,546,1
12,45,456,234
1435,234,456,34
3451,65,235,21
123,423,23,34
123,123,546,1
12,45,456,234
1435,234,456,34
3451,65,235,21
123,423,23,34
123,123,546,1
12,45,456,234
1435,234,456,34
3451,65,235,21
123,423,23,34
123,123,546,1
12,45,456,234
1435,234,456,34
3451,65,235,21
123,423,23,34
123,123,546,1
12,45,456,234
1435,234,456,34
3451,65,235,21
123,423,23,34
123,123,546,1
12,45,456,234
1435,234,456,34
3451,65,235,21
123,423,23,34
123,123,546,1
12,45,456,234
1435,234,456,34
3451,65,235,21
123,423,23,34
123,123,546,1
12,45,456,234
1435,234,456,34
3451,65,235,21
123,423,23,34
123,123,546,1
12,45,456,234
1435,234,456,34
3451,65,235,21
123,423,23,34
123,123,546,1
12,45,456,234
1435,234,456,34
3451,65,235,21
123,423,23,34
123,123,546,1
12,45,456,234
1435,234,456,34
3451,65,235,21
123,423,23,34
123,123,546,1
12,45,456,234
1435,234,456,34
3451,65,235,21
123,423,23,34
123,123,546,1
12,45,456,234
1435,234,456,34
3451,65,235,21
123,423,23,34
123,123,546,1
12,45,456,234
1435,234,456,34
3451,65,235,21
123,423,23,34
123,123,546,1
12,45,456,234
1435,234,456,34
3451,65,235,21
123,423,23,34
123,123,546,1
12,45,456,234
1435,234,456,34
3451,65,235,21
123,423,23,34
123,123,546,1
12,45,456,234
1435,234,456,34
3451,65,235,21
123,423,23,34
123,123,546,1
12,45,456,234
1435,234,456,34
3451,65,235,21
123,423,23,34
123,123,546,1
12,45,456,234
1435,234,456,34
3451,65,235,21
123,423,23,34
123,123,546,1
12,45,456,234
1435,234,456,34
3451,65,235,21
123,423,23,34
123,123,546,1
12,45,456,234
1435,234,456,34
3451,65,235,21
123,423,23,34
123,123,546,1
12,45,456,234
1435,234,456,34
3451,65,235,21
123,423,23,34
123,123,546,1
12,45,456,234
1435,234,456,34
3451,65,235,21
123,423,23,34
123,123,546,1
12,45,456,234
1435,234,456,34
3451,65,235,21
123,423,23,34
123,123,546,1
12,45,456,234
1435,234,456,34
3451,65,235,21
123,423,23,34
123,123,546,1
12,45,456,234
1435,234,456,34
3451,65,235,21
123,423,23,34
